Id,time,timestep,maxtimestep,icao24,outliers,callsign,heading,baroaltitude,lat,lon,velocity,vertratecorr,baroaltitudeanalysis,dbaroaltitudeanalysis,tasanalysis,dtasanalysis,baroaltitudekalman,taskalman,segment,modeltype,operator,ukalman,vkalman,tempkalman,temp_surfacekalman,temp1000kalman,temp2000kalman,temp3000kalman,temp4000kalman,temp5000kalman,temp6000kalman,temp7000kalman,temp8000kalman,temp9000kalman,temp10000kalman,temp11000kalman,tempanalysis,target_cas1,target_cas2,target_Mach,mseSpeed,n_cas1,n_cas2,n_mach,fromICAO,toICAO,distance_from_dep,trip_distance,massPast,mseEnergyRatePast,massFutur,mseEnergyRateFutur,u,v,temp,tas
1,1504224001,0,1095,226,0.0230414746544,10959,119.02405699,3550.93528475,52.311398888,-1.36339609702,187.677124985,7.80288,3538.22048585,10.1314526693,186.231808288,0.12290487051,3550.93511484,185.20535088,378178,3,36,2.90662384824,0.131021165695,263.973328692,285.329426568,256.881057074,250.127434243,242.45885546,234.477132811,227.598245452,224.024703763,224.368136317,226.515064884,226.224008831,225.377183569,224.708253622,264.053777297,,158.324188889,0.777921741267,1.03120085426,0,41,30,33,683,30535.6,2.39534e+06,,,79979.3,5.1847,2.90662387397,0.131021184399,263.973327618,185.205371706
2,1504224016,15,1095,226,0.0230414746544,10959,119.324158836,3672.97661451,52.2973862456,-1.32222814875,191.176693359,9.10627444284,3692.93211349,10.7386614806,187.967143415,0.0985457648971,3663.91269523,188.125678397,378178,3,36,2.95386350455,0.172698526162,263.197995737,285.414015452,256.075995534,249.276076926,241.526383734,233.629393881,226.940470156,224.005331503,224.615384577,226.743547202,226.127680315,225.297818884,224.642546218,262.989390907,,158.324188889,0.777921741267,1.03120085426,0,41,30,33,683,33736.8,2.39534e+06,,,79660.5,4.59282,2.94865381854,0.169615818024,263.132772077,188.695656756
3,1504224031,30,1095,226,0.0230414746544,10959,120.567160793,3871.23268225,52.2843776236,-1.28528053074,191.191228326,12.9989827788,3861.81207105,11.5173818652,189.141567587,0.0696513256876,3849.21224207,188.668043331,378178,3,36,2.91512019508,0.171438808368,261.879291517,285.488251315,254.776649043,247.852054753,240.025611257,232.255942114,225.86592598,223.972532389,225.025868079,226.917460194,225.968499508,225.172404235,224.534506183,261.790294323,,158.324188889,0.777921741267,1.03120085426,0,41,30,33,683,36635.6,2.39534e+06,,,79393.5,4.21232,2.90190491914,0.164527804196,261.723830107,188.783189697
4,1504224046,45,1095,226,0.0230414746544,10959,121.63325878,4031.00327918,52.2713883329,-1.24976081608,192.745431655,10.24316737,4031.1626681,11.0202154931,190.279112291,0.0797929223164,4016.74128662,189.921935847,378178,3,36,2.87491161417,0.181993311215,260.706713232,285.558135823,253.63160192,246.590612973,238.701191061,231.045979546,224.909697727,223.937408241,225.392861762,226.754237524,225.828581764,225.061926981,224.439210091,260.606536406,,158.324188889,0.777921741267,1.03120085426,0,41,30,33,683,39450.8,2.39534e+06,,,79186.8,4.09565,2.86598854612,0.177868084622,260.607642753,190.405741662
5,1504224061,60,1095,226,0.0230414746544,10959,122.467878078,4191.,52.2572021484,-1.2133026123,193.901628767,11.05408,4194.84131247,10.9045537189,191.419674358,0.0707000598244,4174.57939003,191.280430736,378178,3,36,2.83407385824,0.206074387344,259.618313871,285.62835904,252.569389665,245.424356482,237.482557592,229.981011035,224.078779133,223.897936281,225.734716112,226.604792005,225.700352661,224.960399909,224.351437285,259.479777443,,158.324188889,0.777921741267,1.03120085426,0,41,30,33,683,42390.2,2.39534e+06,,,78964.4,3.95491,2.8233529138,0.201738905928,259.506018715,191.635301367
6,1504224076,75,1095,226,0.0230414746544,10959,122.808017441,4358.7674997,52.2432730469,-1.177861335,194.640076059,11.384639987,4360.06505487,11.1066386298,192.401247016,0.0619901035278,4339.60905887,192.281477246,378178,3,36,2.84973379072,0.243791127964,258.417245065,285.6950275,251.47481381,244.227900702,236.192861834,228.967905425,224.046776118,223.851901998,226.088593954,226.451640134,225.56895769,224.856202312,224.261403151,258.267508079,,158.324188889,0.777921741267,1.03120085426,0,41,30,33,683,45256.4,2.39534e+06,,,78716.3,3.81862,2.84708241758,0.240633862143,258.276996443,192.385424019
7,1504224091,90,1095,226,0.0230414746544,10959,122.979652984,4526.28,52.2289581299,-1.14151000977,195.630817356,10.40384,4524.87805288,10.7463627995,193.369002999,0.0696925480956,4511.19089626,193.010732307,378178,3,36,2.88662234864,0.283038372606,257.172045082,285.761869018,250.353894848,242.796670357,234.880118786,227.92862913,224.007606525,224.189333139,226.452668308,226.296138527,225.435536555,224.750212506,224.169811618,257.073695596,,158.324188889,0.777921741267,1.03120085426,0,41,30,33,683,48198.7,2.39534e+06,,,78520.5,3.75358,2.88474152105,0.28046440803,257.063629985,193.372009682
8,1504224106,105,1095,226,0.0230414746544,10959,123.023867556,4686.30761184,52.2144322467,-1.1054576311,196.342457381,10.4035152283,4681.16486535,10.1007046957,194.513592877,0.0826624787436,4669.98377651,193.953069184,378178,3,36,2.93040911949,0.322124350689,256.041222892,285.826486101,249.2008505,241.497752446,233.695325585,226.98064107,223.965025605,224.554857345,226.786814669,226.156029956,225.318830098,224.654388865,224.086879125,255.962274545,,158.324188889,0.777921741267,1.03120085426,0,41,30,33,683,51136.7,2.39534e+06,,,78329.2,3.68822,2.92861442823,0.319246122168,255.925994019,194.069914006
9,1504224121,120,1095,226,0.0230414746544,10959,123.360311285,4824.07724289,52.2000326425,-1.069085705,198.330005201,9.09666306143,4830.15857738,9.90021800825,195.77765161,0.0812230084388,4810.76450348,195.659472803,378178,3,36,2.98183254581,0.362354127679,255.056072087,285.89014006,248.118589975,240.37132122,232.67074468,226.151128026,223.920632603,224.876105425,226.999515733,226.035055798,225.222870626,224.571364963,224.014903696,254.921332654,,158.324188889,0.777921741267,1.03120085426,0,41,30,33,683,54086.7,2.39534e+06,,,78120.6,3.50839,2.98057734305,0.359932439258,254.963552155,196.048063768
10,1504224136,135,1095,226,0.0230414746544,10959,123.731110341,4975.93658466,52.1854657035,-1.03331305811,199.182858151,11.7035051443,4979.97554744,9.95414424666,196.907711276,0.0748706021873,4959.62921207,196.918542804,378178,3,36,3.08405444878,0.445447767198,254.027061837,285.951006435,246.993499922,239.205392509,231.609958897,225.28221059,223.867823586,225.215957286,226.853088768,225.909348141,225.122978258,224.484958671,223.940016075,253.887061718,,158.324188889,0.777921741267,1.03120085426,0,41,30,33,683,57012.5,2.39534e+06,83404.9,6.67976,77931.3,3.262,3.09070118884,0.450408270484,253.914828725,196.87368088
11,1504224151,150,1095,226,0.0230414746544,10959,123.833302343,5135.92544763,52.170158171,-0.995980641621,200.040201628,8.6150323589,5120.93127809,8.64797166384,198.347819728,0.123755654757,5120.6395448,197.320947065,378178,3,36,3.22445821475,0.569012896476,252.927387566,286.010648088,245.799693634,237.974083518,230.491460538,224.352666018,223.802387356,225.582029667,226.697929999,225.775968034,225.016679068,224.392951822,223.860216541,252.925409548,,158.324188889,0.777921741267,1.03120085426,0,41,30,33,683,60073.1,2.39534e+06,82201.2,1.72615,77739.8,3.14579,3.23067641039,0.574056089962,252.823829963,197.689324699
12,1504224166,165,1095,226,0.0230414746544,10959,123.849500775,5227.60528156,52.1554223017,-0.960268759023,203.186680646,7.48993201325,5242.88957949,7.9899848158,200.448007912,0.140303856897,5220.67642585,200.389732566,378178,3,36,3.33448214814,0.665050742791,252.257104153,286.049258625,245.080798244,237.226219695,229.876523853,224.088353197,223.737794156,225.80208663,226.60530633,225.694564751,224.950459407,224.334669076,223.790021378,252.108245202,,158.324188889,0.777921741267,1.03120085426,0,41,30,33,683,63007.2,2.39534e+06,82152.5,1.70643,77525.7,2.99332,3.33720348945,0.667319835809,252.210632576,200.801327159
13,1504224181,180,1095,226,0.0230414746544,10959,123.849554322,5364.48,52.1401356843,-0.923400878906,205.033526222,8.88781747249,5368.56868984,8.81787743308,202.264802832,0.100269630401,5351.84278602,202.127824006,378178,3,36,3.45716559736,0.773818226691,251.387456764,286.089141663,244.14062392,236.231812902,229.065253954,224.038480568,223.65304548,226.096515232,226.483429467,225.588028095,224.864350382,224.259347549,223.664806291,251.27688418,,158.324188889,0.777921741267,1.03120085426,0,41,30,33,683,66041.6,2.39534e+06,81851.5,2.15915,77318,2.70003,3.46193728081,0.777910451383,251.30389528,202.608040216
14,1504224196,195,1095,226,0.0230414746544,10959,123.755956432,5501.64766544,52.1245398416,-0.885339204729,206.460485326,8.99556562385,5506.27728486,9.4772522372,203.490524238,0.0664657057964,5488.61218735,203.51116427,378178,3,36,3.58181526963,0.886520528027,250.493066092,286.130443902,243.026831692,235.215186819,228.224649728,223.975345651,223.938780682,226.406171524,226.357913212,225.478247171,224.775751476,224.181877415,223.536383289,250.377974216,,158.324188889,0.777921741267,1.03120085426,0,41,30,33,683,69164.1,2.39534e+06,81347.6,2.22133,77162.9,2.51051,3.58654845885,0.890694463876,250.40811563,203.991821063
15,1504224211,210,1095,226,0.0230414746544,10959,123.729636428,5654.04,52.1093181028,-0.848223005022,206.602273197,10.40384,5649.1331263,9.35074122889,204.448517618,0.0706749130135,5636.08317037,204.089469953,378178,3,36,3.66007339758,0.992035878882,249.464102742,286.170660888,241.848337012,234.138978435,227.32255178,223.896111006,224.290944967,226.742583339,226.223918857,225.36288119,224.681618565,224.099741408,223.400625437,249.363874382,,158.324188889,0.777921741267,1.03120085426,0,41,30,33,683,72210.8,2.39534e+06,81065.2,2.18322,77021.2,2.44223,3.65292610959,0.995076541601,249.326225035,204.136774732
16,1504224226,225,1095,226,0.0230414746544,10959,123.807920516,5783.58766544,52.0934134778,-0.809781709828,208.029689372,7.15280279241,5781.19116651,8.25463263829,205.824977099,0.112359272923,5771.63265575,205.137785039,378178,3,36,3.67882893295,1.09851448778,248.436111856,286.212317762,240.788845357,233.174336579,226.502310409,223.810579066,224.614505998,227.054401043,226.103013666,225.265079002,224.596284416,224.025056409,223.2774653,248.363889881,,158.324188889,0.777921741267,1.03120085426,0,41,30,33,683,75375.4,2.39534e+06,80916,2.37389,76892.9,2.49225,3.67393270489,1.10126870615,248.345794415,205.611045172
17,1504224241,240,1095,226,0.0230414746544,10959,123.729325186,5897.95552024,52.0777452817,-0.771686146208,210.312931223,7.47884013186,5900.93110259,7.88463223312,207.616773514,0.118382480478,5886.01934109,207.390010648,378178,3,36,3.70366301239,1.2158374406,247.584284438,286.253614317,239.91417755,232.381102219,225.816646741,223.7258128,224.887120171,226.98140349,226.002633107,225.183630177,224.524961633,223.962382439,223.174360479,247.473244977,,158.324188889,0.777921741267,1.03120085426,0,41,30,33,683,78506.8,2.39534e+06,80325.8,3.21187,76765.2,2.55115,3.6986585555,1.21931791864,247.495387818,207.93655066
18,1504224256,255,1095,226,0.0230414746544,10959,123.805894416,6019.8,52.0619659424,-0.733413696289,211.739175966,8.45312,6021.16319485,8.17624746063,209.219476499,0.0935542909759,6007.58357333,208.951128409,378178,3,36,3.72483375275,1.35196131266,246.693486271,286.295090014,239.000078119,231.551861531,225.090427303,223.627039721,225.182626157,226.860806274,225.896740407,225.097976612,224.450050714,223.896646982,223.066445431,246.593880937,,158.324188889,0.777921741267,1.03120085426,0,41,30,33,683,81656,2.39534e+06,79882.4,3.24148,76634.1,2.6209,3.71961911334,1.35627614539,246.603873069,209.427445023
19,1504224271,270,1095,226,0.0230414746544,10959,123.766871474,6142.03041744,52.0466538239,-0.695801694498,212.880383321,7.9112894672,6146.33491552,8.53640281782,210.411969137,0.0657907704675,6130.02816922,210.330859776,378178,3,36,3.74403765076,1.50315192946,245.811297538,286.335890688,238.095683219,230.734128675,224.362368322,223.518365986,225.484317976,226.740411855,225.791019311,225.01269963,224.375530234,223.831313801,222.959368039,245.693524673,,158.324188889,0.777921741267,1.03120085426,0,41,30,33,683,84740,2.39534e+06,79517,3.35184,76490,2.73045,3.73885805634,1.5081176487,245.724592434,210.636835495
20,1504224286,285,1095,226,0.0230414746544,10959,123.804888574,6278.88761945,52.0307449952,-0.657269211042,213.594026429,8.77829420984,6276.80650743,8.75646690888,211.257723922,0.0514541343915,6261.6651766,211.293539059,378178,3,36,3.76118953687,1.67937606768,244.879278745,286.377641799,237.119172771,229.887573814,224.09358371,223.392426867,225.812361711,226.612209646,225.678469558,224.92220558,224.296501501,223.724461317,222.846087832,244.771702005,,158.324188889,0.777921741267,1.03120085426,0,41,30,33,683,87913.6,2.39534e+06,78966.9,3.4496,76359.2,2.76693,3.75369950489,1.68756553034,244.75693027,211.442659348
21,1504224301,300,1095,226,0.0230414746544,10959,123.91940231,6408.42,52.0140722242,-0.617431640625,213.880673025,8.45312,6403.62238417,7.93495315707,212.182852404,0.0800374233696,6395.67546753,211.636520598,378178,3,36,3.88897645108,1.90363327881,243.888406453,286.420776043,236.129706819,229.031750399,223.99023786,223.371929535,226.149095637,226.483374963,225.565181704,224.831301578,224.217052876,223.59416835,222.7323256,243.823725067,,158.324188889,0.777921741267,1.03120085426,0,41,30,33,683,91209.2,2.39534e+06,78565.4,2.41961,76267.4,2.77925,3.90987327975,1.91595956576,243.784704319,211.738919966
22,1504224316,315,1095,226,0.0230414746544,10959,123.917430537,6515.10761945,51.9983828369,-0.579055385232,215.735512514,5.20159490356,6511.2850988,6.52862239529,213.765077453,0.126419723084,6506.63619946,213.099259136,378178,3,36,4.1568470776,2.14879014173,243.007176257,286.462412485,235.329101833,228.330018515,223.894461546,223.655505063,226.429780019,226.378221554,225.472285345,224.75665156,224.151500659,223.487017465,222.638499277,242.969873241,,158.324188889,0.777921741267,1.03120085426,0,41,30,33,683,94362.3,2.39534e+06,78296.8,2.28716,76178.9,2.79176,4.17065168945,2.15721952133,242.939215748,213.51795373
23,1504224331,330,1095,226,0.0230414746544,10959,124.064055553,6598.92,51.9818115234,-0.539779663086,218.592092458,6.66722225644,6608.81344737,6.76729938462,215.594169763,0.106122709091,6587.80361757,215.773478816,378178,3,36,4.44284933142,2.38170821732,242.37628626,286.504594358,234.753270685,227.820925425,223.818073903,223.858961771,226.636590148,226.302197465,225.404745517,224.700949055,224.101044011,223.406087671,222.567739686,242.209522855,,158.324188889,0.777921741267,1.03120085426,0,41,30,33,683,97621.3,2.39534e+06,78073.2,2.27053,76029.8,2.85593,4.46069332713,2.39307111394,242.288001866,216.283630036
24,1504224346,345,1095,226,0.0230414746544,10959,124.1001149,6720.87078748,51.9655113875,-0.500783733807,219.306457481,8.19210084567,6715.51844064,7.28872421005,216.90511602,0.0744758300136,6706.11204484,216.686991581,378178,3,36,4.78055214797,2.65563883492,241.460576054,286.545919271,233.914267248,227.073761689,223.701554449,224.176857773,226.941341446,226.190964708,225.313676058,224.621623807,224.030531061,223.292915837,222.469384817,241.386910671,,158.324188889,0.777921741267,1.03120085426,0,41,30,33,683,100849,2.39534e+06,77691.9,1.95219,75867.4,2.98012,4.80379642516,2.67103805883,241.345029207,216.88159461
25,1504224361,360,1095,226,0.0230414746544,10959,123.900162313,6819.94549285,51.9487064901,-0.460080014537,220.444287539,5.85216,6821.83443908,6.84101935097,218.03751787,0.079870744474,6813.30075425,217.582861851,378178,3,36,5.09973085338,2.92923500442,240.645362934,286.588592146,233.169534431,226.404569433,223.58523204,224.464298361,227.113122731,226.091534285,225.232982224,224.54993017,223.966524635,223.191007687,222.380500817,240.579382454,,158.324188889,0.777921741267,1.03120085426,0,41,30,33,683,104206,2.39534e+06,77638.5,1.91395,75718.4,3.06686,5.11001963325,2.93632381445,240.593981845,217.904798893
26,1504224376,375,1095,226,0.0230414746544,10959,118.750656418,6919.065728,51.9329622073,-0.41987622625,222.411006457,6.82978902296,6922.88634148,6.69705925679,219.268542537,0.0818183904977,6908.21567657,219.049697763,378178,3,36,5.38990099333,3.18975716398,239.934641569,286.63049148,232.522056776,225.817339108,223.472588982,224.719833628,227.014674772,226.004288738,225.161843525,224.48665345,223.909962954,223.10144746,222.302110041,239.822539121,,158.324188889,0.777921741267,1.03120085426,0,41,30,33,683,107470,2.39534e+06,77772.5,1.84211,75546.9,3.11522,5.4064483706,3.20157746388,239.85171543,219.27769646
27,1504224391,390,1095,226,0.0230414746544,10959,112.17984424,7025.66281453,51.9200116855,-0.375891777613,224.166081277,6.33967745178,7022.3814831,6.53721968844,220.442573971,0.0742599829436,7014.38658512,220.130138906,378178,3,36,5.69684854741,3.47148408318,239.148060111,286.677945336,231.806055988,225.163344953,223.340001503,225.011454698,226.904838428,225.907173265,225.083208382,224.417529683,223.848963004,223.00410693,222.216786972,239.087718747,,158.324188889,0.777921741267,1.03120085426,0,41,30,33,683,110784,2.39534e+06,77578.4,2.05205,75401.5,3.15552,5.71384996642,3.48404281063,239.062968874,220.256111832
28,1504224406,405,1095,226,0.0230414746544,10959,111.947614636,7109.55107634,51.9087208471,-0.330591595715,225.738921329,6.17728,7120.06591454,6.57666667038,221.450913059,0.0588782257172,7103.04316214,221.429621506,378178,3,36,5.97453776417,3.73852741656,238.502767228,286.727375559,231.221617402,224.622646044,223.216927775,225.254343488,226.814604104,225.826721489,225.017932399,224.360159992,223.798346201,222.923151249,222.1453207,238.37572521,,158.324188889,0.777921741267,1.03120085426,0,41,30,33,683,114076,2.39534e+06,77735.8,2.32818,75254.4,3.09998,5.98428470562,3.74595287838,238.454168999,221.662010791
29,1504224421,420,1095,226,0.0230414746544,10959,112.309294609,7223.76762708,51.8974117082,-0.285641323929,226.31911218,7.04379689186,7219.40689897,6.54110911312,222.269899692,0.0553332204264,7211.88207248,221.983321674,378178,3,36,6.30237894033,4.0606315299,237.709065374,286.775881605,230.494176205,224.198112535,223.065533632,225.559817518,226.703611117,225.728415472,224.939006674,224.291183251,223.723076903,222.826195102,222.060154205,237.651705081,,158.324188889,0.777921741267,1.03120085426,0,41,30,33,683,117352,2.39534e+06,77836.8,2.15753,75093.1,2.96642,6.33065827355,4.08713190542,237.618486743,222.099934447
30,1504224436,435,1095,226,0.0230414746544,10959,112.450557558,7315.2,51.8856306934,-0.238788049495,227.662250264,5.2027328186,7313.35650415,5.9987159246,223.224563421,0.0718222924358,7305.44412072,222.87260797,378178,3,36,6.66122865908,4.44013821077,237.022272216,286.826020204,229.876394181,224.089523472,222.920856756,225.822557679,226.609732693,225.644429469,224.871444986,224.231904206,223.628151664,222.742605344,221.986246261,236.962684331,,158.324188889,0.777921741267,1.03120085426,0,41,30,33,683,120770,2.39534e+06,77800.7,2.15452,74925,2.87566,6.68350922345,4.46138683418,236.948808812,223.288840816
31,1504224451,450,1095,226,0.0230414746544,10959,112.590162629,7399.02,51.8738708496,-0.193522685283,229.006756003,5.85216,7401.5015274,5.80413062281,224.354669726,0.0765411224948,7389.26425917,224.258771245,378178,3,36,6.97711542732,4.78497375097,236.416693142,286.873691951,229.327534632,223.985004201,222.899986559,226.05997328,226.526369696,225.569367885,224.811151811,224.178886709,223.543422483,222.667756337,221.919836066,236.32556078,,158.324188889,0.777921741267,1.03120085426,0,41,30,33,683,124098,2.39534e+06,77785.5,2.15428,74758.5,2.77819,6.99853097012,4.80575468644,236.344030618,224.504350058
32,1504224466,465,1095,226,0.0230414746544,10959,112.492277741,7490.4980628,51.8621475497,-0.148070980401,229.958028932,5.85216,7487.11933677,5.55974137995,225.500125698,0.0759674521874,7481.65146082,225.001511092,378178,3,36,7.2967089963,5.14052892686,235.755573418,286.921124445,228.723087641,223.861897193,223.167559028,226.325314807,226.434572599,225.486949898,224.745531432,224.121384413,223.451421276,222.586631267,221.842283007,235.715321592,,158.324188889,0.777921741267,1.03120085426,0,41,30,33,683,127437,2.39534e+06,77938.9,2.14604,74622.2,2.68675,7.31535017941,5.15893904701,235.69046177,225.299792028
33,1504224481,480,1095,226,0.0230414746544,10959,112.605201326,7566.72796876,51.8504296063,-0.101737020417,231.539401334,4.22656,7569.15488935,5.50744217918,226.585816584,0.0656157675436,7560.85296979,226.305263457,378178,3,36,7.57592452885,5.46358717792,235.199732869,286.969153703,228.210885211,223.74862905,223.39391769,226.554782584,226.356667633,225.416198374,224.689301626,224.071968687,223.372484839,222.516560307,221.769152508,235.139264344,,158.324188889,0.777921741267,1.03120085426,0,41,30,33,683,130830,2.39534e+06,78070.8,1.9187,74483.5,2.53453,7.58781818223,5.47554786012,235.156935247,226.7793468
34,1504224496,495,1095,226,0.0230414746544,10959,112.649127346,7650.48775911,51.8382435956,-0.0546232985822,232.449573085,6.50250854639,7656.79496288,6.24723049806,227.378277401,0.0399817754747,7641.69356238,227.441881979,378178,3,36,7.84697776442,5.78592680416,234.639214572,287.017335956,227.690111471,223.625962339,223.628999959,226.7919702,226.277346941,225.346955298,224.632287832,224.021879074,223.292439087,222.445437627,221.695729118,234.530432857,,158.324188889,0.777921741267,1.03120085426,0,41,30,33,683,134298,2.39534e+06,77835.7,1.74479,74343.8,2.26892,7.86405467044,5.80342465204,234.575843111,227.581305177
35,1504224511,510,1095,226,0.0230414746544,10959,112.76600332,7757.16761184,51.826140231,-0.00861809111975,232.648637045,6.5024,7754.71858417,6.64906003496,227.86942147,0.0295261287041,7745.45398735,227.557425233,378178,3,36,8.1449072181,6.14210575514,233.9216651,287.063700066,227.01925664,223.464072187,223.946477573,227.09886007,226.175212577,225.264830058,224.560814571,223.959503836,223.192318482,222.357176285,221.605777686,233.855789714,,158.324188889,0.777921741267,1.03120085426,0,41,30,33,683,137699,2.39534e+06,77703.9,1.80018,,,8.16667205844,6.16482578715,233.838387906,227.67566694
36,1504224526,525,1095,226,0.0230414746544,10959,112.717124708,7856.22,51.8140838106,0.0385284423828,233.122613104,5.85216,7851.1732188,6.0665839084,228.369539911,0.0407407603561,7846.04203657,228.061168327,378178,3,36,8.38453814583,6.45519056473,233.228872722,287.105497691,226.373803597,223.311227859,224.268288841,227.143948664,226.071749854,225.17985184,224.488921073,223.898786204,223.094990065,222.269778227,221.516802263,233.192809956,,158.324188889,0.777921741267,1.03120085426,0,41,30,33,683,141167,2.39534e+06,77493.2,2.62133,,,8.40259107182,6.47445969514,233.157361426,228.058524143
37,1504224541,540,1095,226,0.0230414746544,10959,112.760294665,7940.04,51.8016985435,0.0861431812114,234.03388284,5.03887280375,7935.91956768,5.31913039329,229.118289928,0.0569479349745,7930.16890003,228.653805613,378178,3,36,8.57261755986,6.72443646303,232.657112193,287.146128095,225.842225896,223.180066009,224.537782408,227.050286892,225.983115823,225.107067999,224.427887817,223.847789307,223.012500248,222.194689791,221.441017589,232.617087947,,158.324188889,0.777921741267,1.03120085426,0,41,30,33,683,144683,2.39534e+06,77346.3,2.4211,,,8.58934052023,6.74271297766,232.588426573,228.920878673
38,1504224556,555,1095,226,0.0230414746544,10959,112.904839025,8016.24,51.7895956416,0.132300376013,235.279298637,5.43400251206,8014.84424148,5.34590128733,229.973071627,0.0534799552683,8005.65027656,229.900883055,378178,3,36,8.73328625118,6.96861310492,232.150037374,287.185210554,225.370850959,223.05790167,224.779226654,226.965906715,225.902716153,225.042054731,224.373471877,223.802424714,222.938172012,222.126716496,221.373197636,232.086616241,,158.324188889,0.777921741267,1.03120085426,0,41,30,33,683,148100,2.39534e+06,77082.7,2.78965,,,8.75045068778,6.98781531644,232.076994095,230.149027553
39,1504224571,570,1095,226,0.0230414746544,10959,112.936519022,8092.44,51.7771213338,0.180206298828,236.291695091,5.52704,8098.63117963,5.83382823355,230.663042139,0.037660331213,8084.11425764,230.867524499,378178,3,36,8.88972374192,7.2168600207,231.627539034,287.225707294,224.885222146,222.927195119,225.030481187,226.877596724,225.818706982,224.975583889,224.317892923,223.756148692,222.861226691,222.056339291,221.303778469,231.528334472,,158.324188889,0.777921741267,1.03120085426,0,41,30,33,683,151642,2.39534e+06,76648.8,2.69378,,,8.90261266687,7.23163831991,231.570622569,231.133260805
40,1504224586,585,1095,226,0.0230414746544,10959,112.821542186,8191.5076809,51.7651053612,0.226113687916,236.091685962,5.85199737045,8186.68970597,5.69749097136,231.185359264,0.0390401965423,8180.66483327,230.928981431,378178,3,36,9.03374628427,7.50587449176,230.966356103,287.264217371,224.366324854,222.766296499,225.341448072,226.768102341,225.717010646,224.897961547,224.252760319,223.7012099,222.769322589,221.973382934,221.222844963,230.92370764,,158.324188889,0.777921741267,1.03120085426,0,41,30,33,683,155043,2.39534e+06,76459,2.71388,,,9.04505581679,7.52792574657,230.889624248,230.910937265
41,1504224601,600,1095,226,0.0230414746544,10959,112.863826838,8267.72281453,51.7525615578,0.273997227696,237.002711109,4.8768,8264.63844869,4.62467252331,231.995401348,0.0703983507664,8259.48352962,231.504144538,378178,3,36,9.13890368429,7.76673639035,230.4269722,287.304259227,224.244829126,222.627541605,225.593083169,226.678404488,225.631917782,224.833599612,224.199030563,223.617006428,222.692751036,221.903329923,221.15537884,230.390811548,,158.324188889,0.777921741267,1.03120085426,0,41,30,33,683,158592,2.39534e+06,76248.7,2.42135,,,9.14717866596,7.78314543659,230.369185898,231.846528523
42,1504224616,615,1095,226,0.0230414746544,10959,113.019795754,8328.66,51.7401123047,0.321273803711,238.114227438,3.49808388675,8325.82593165,3.66223318274,233.284787239,0.0983300878039,8321.64806282,232.655648186,378178,3,36,9.2222769168,7.98805205777,230.008161822,287.343534354,224.147918507,222.511160083,225.790377584,226.606996105,225.562600617,224.78166668,224.155922698,223.549702748,222.630674238,221.845717489,221.100620583,229.979062932,,158.324188889,0.777921741267,1.03120085426,0,41,30,33,683,162101,2.39534e+06,76168.8,2.34924,,,9.22907351214,8.00175368786,229.959331802,233.007692205
43,1504224631,630,1095,226,0.0230414746544,10959,113.089720633,8382.,51.7275186338,0.369173438013,240.056164929,3.57632,8380.50587305,3.84668312512,234.726147367,0.0853988070719,8374.63393693,234.506270328,378178,3,36,9.29356032221,8.18868715165,229.656014563,287.383168855,224.063838787,222.467779169,225.958064271,226.545331117,225.501550419,224.736459043,224.118608993,223.491516021,222.576324796,221.794645533,221.052677773,229.615369424,,158.324188889,0.777921741267,1.03120085426,0,41,30,33,683,165658,2.39534e+06,75696.4,2.7406,,,9.30045639301,8.2028202982,229.605031688,234.984401177
44,1504224646,645,1095,226,0.0230414746544,10959,113.118321892,8442.96,51.7149751882,0.416316464321,241.085496148,4.87906676314,8446.90848153,5.11502799112,235.63481316,0.0313508318162,8433.51302224,235.886754123,378178,3,36,9.36666953769,8.39531454051,229.265178587,287.42185079,223.966148782,222.664473354,226.14518371,226.476462008,225.434515655,224.68803478,224.078538934,223.427580514,222.517138894,221.739516343,221.001306428,229.173126765,,158.324188889,0.777921741267,1.03120085426,0,41,30,33,683,169168,2.39534e+06,75371.4,2.77582,,,9.37520939329,8.41309932883,229.200245011,236.042744034
45,1504224661,660,1095,226,0.0230414746544,10959,113.053701242,8534.51261161,51.7021077724,0.465172483594,240.410530186,6.17247523783,8532.28261174,6.08149092443,235.733475391,-0.00964370650624,8525.44217177,235.610588941,378178,3,36,9.46619514496,8.66221820608,228.652162116,287.461894297,223.806017861,222.983694211,226.43845136,226.369866578,225.335025624,224.618546139,224.020574384,223.331277198,222.430141443,221.654182155,220.927889635,228.605639949,,158.324188889,0.777921741267,1.03120085426,0,41,30,33,683,172800,2.39534e+06,75611.9,2.604,,,9.47407705637,8.67890156324,228.590481786,235.382424839
46,1504224676,675,1095,226,0.0230414746544,10959,113.053701242,8625.84766544,51.6894162621,0.512926957297,240.410530186,6.8278470588,8624.65132394,6.11455545123,235.566014721,-0.00835086019082,8614.83262261,235.432692967,378178,3,36,9.55789257127,8.91585087581,228.062417258,287.500716496,223.646218951,223.293872134,226.72241346,226.265941241,225.239374865,224.552207829,223.965287622,223.238092249,222.345915045,221.571845549,220.857525297,227.996347426,,158.324188889,0.777921741267,1.03120085426,0,41,30,33,683,176357,2.39534e+06,75283.6,2.07619,,,9.56710257814,8.93565131855,227.988302552,235.411057009
47,1504224691,690,1095,226,0.0230414746544,10959,113.053701242,8717.28,51.676748604,0.560778329207,240.410530186,4.9849383284,8712.26511579,5.52345387031,235.551112667,0.00653242100422,8707.52567058,235.434154249,378178,3,36,9.64769569414,9.16922247307,227.456802987,287.53946371,223.476505043,223.615897356,227.015511053,226.158150221,225.159133936,224.485088942,223.909376478,223.142283727,222.259439584,221.488308157,220.78607466,227.425247474,,158.324188889,0.777921741267,1.03120085426,0,41,30,33,683,179921,2.39534e+06,74984.3,2.72422,,,9.65554387614,9.18635337279,227.391877524,235.441467276
48,1504224706,705,1095,226,0.0230414746544,10959,113.16641995,8785.86762708,51.663893966,0.609298568389,240.612448845,5.55211847161,8792.01137174,5.19813940087,235.728972094,0.0153969021024,8780.00730105,235.660706022,378178,3,36,9.71749101228,9.38271738869,226.991238762,287.578567956,223.339890591,223.863952121,227.244110355,226.072304062,225.094734167,224.431552938,223.865119387,223.066070434,222.189635297,221.421064215,220.728476755,226.912026195,,158.324188889,0.777921741267,1.03120085426,0,41,30,33,683,183537,2.39534e+06,75168,2.90896,,,9.72203973601,9.39279595656,226.952553368,235.699069475
49,1504224721,720,1095,226,0.0230414746544,10959,113.222938147,8869.72572032,51.6514716998,0.655919177222,240.714330114,5.52704,8869.07438886,5.06799197419,235.960760373,0.0136939960406,8863.27165553,235.761687107,378178,3,36,9.79165907451,9.60621741649,226.458426476,287.615838527,223.180376608,224.151779443,227.156652428,225.97455864,225.024195882,224.372740369,223.816321937,222.980235982,222.111799627,221.347199631,220.665167689,226.420495529,,158.324188889,0.777921741267,1.03120085426,0,41,30,33,683,187016,2.39534e+06,74909.8,3.05546,,,9.79649117096,9.61707387085,226.416239595,235.845908456
50,1504224736,735,1095,226,0.0230414746544,10959,113.391288597,8945.88,51.6382967909,0.705234190848,241.019072865,4.23076135541,8945.31771158,5.23433074571,236.055135589,-0.00466687533617,8937.81687691,236.085620665,378178,3,36,9.85682542172,9.8147631683,225.988107151,287.655121317,223.033227969,224.407305714,227.062274401,225.885671322,224.960302137,224.319717491,223.772584038,222.902482582,222.040600624,221.280032493,220.607504407,225.939510093,,158.324188889,0.777921741267,1.03120085426,0,41,30,33,683,190700,2.39534e+06,74562.3,2.87059,,,9.86264785551,9.82803166393,225.935868856,236.223255115
51,1504224751,750,1095,226,0.0230414746544,10959,113.439936093,9022.09527125,51.6257779561,0.751807876348,240.546995151,6.17793157344,9030.88707853,6.24043225751,235.734245721,-0.0389435624765,9013.33370424,236.102601478,378178,3,36,9.91918264852,10.0153951732,225.514779462,287.691887228,222.881747596,224.666980198,226.966216093,225.795864565,224.897427011,224.267502982,223.729474931,222.824529353,221.969499655,221.213700645,220.55050648,225.402132763,,158.324188889,0.777921741267,1.03120085426,0,41,30,33,683,194184,2.39534e+06,74395.9,2.60601,,,9.92529640961,10.0295073285,225.458523352,235.797332706
52,1504224766,765,1095,226,0.0230414746544,10959,113.375946945,9128.77533271,51.6129430931,0.799264735575,239.86915333,6.82752,9128.91557426,6.58603264784,234.995218889,-0.0527234697109,9121.41796203,235.319101178,378178,3,36,10.0011077965,10.264182456,224.838944426,287.729124654,222.665980822,225.041178477,226.828944541,225.670746701,224.81363669,224.197478053,223.67120724,222.716906758,221.872969303,221.125000492,220.474335361,224.79141653,,158.324188889,0.777921741267,1.03120085426,0,41,30,33,683,197740,2.39534e+06,74095.1,3.35243,,,10.00605019,10.2757336978,224.792305136,235.143666864
53,1504224781,780,1095,226,0.0230414746544,10959,113.360717357,9227.99982249,51.6001521092,0.847023707682,238.721972045,5.68955935278,9222.61071832,5.80210991026,234.342607252,-0.0304893012161,9217.85061183,234.134821577,378178,3,36,10.037641358,10.3753762042,224.468919223,287.766516802,222.46874986,225.371574125,226.706432403,225.558250224,224.739300831,224.135588962,223.597760215,222.6206835,221.786146861,221.045877529,220.406285607,224.458806746,,158.324188889,0.777921741267,1.03120085426,0,41,30,33,683,201313,2.39534e+06,74537,3.91916,,,10.0377984331,10.3696952843,224.447365053,234.008505554
54,1504224796,795,1095,226,0.0230414746544,10959,113.473970992,9304.02,51.587445488,0.894281454209,238.926425406,4.66028806849,9303.37782235,5.08600700239,234.069634397,-0.00951670025715,9295.802832,234.161008622,378178,3,36,10.0509508095,10.4151520403,224.313641663,287.803270984,222.303521222,225.635853652,226.606790817,225.465418101,224.678450772,224.085230961,223.510650185,222.541692906,221.714091206,220.98067594,220.350069472,224.29746972,,158.324188889,0.777921741267,1.03120085426,0,41,30,33,683,204853,2.39534e+06,74232.5,3.87539,,,10.0513434773,10.4111926536,224.296099411,234.246458065
55,1504224811,810,1095,226,0.0230414746544,10959,113.360717357,9380.22,51.5746559093,0.941653618885,238.721972045,5.36342809256,9379.2983279,5.13251897352,233.95041769,-0.00896776882785,9370.41222667,234.104034431,378178,3,36,10.0695888143,10.4677171994,224.162278713,287.839884683,222.185648748,225.887510827,226.511018052,225.375915466,224.620756259,224.037602032,223.427360395,222.465952437,221.644798732,220.918484522,220.296361847,224.143210287,,158.324188889,0.777921741267,1.03120085426,0,41,30,33,683,208405,2.39534e+06,74153.3,3.83653,,,10.0703607706,10.4637418905,224.141233678,234.021637775
56,1504224826,825,1095,226,0.0230414746544,10959,113.410002726,9456.43541022,51.5671707412,0.969467163086,238.250200336,5.20192,9458.38532147,5.3934794316,233.754755268,-0.0173563044584,9446.93988004,233.869550773,378178,3,36,10.0849533577,10.4903486521,224.001554699,287.860751634,222.474902872,226.146374308,226.414608714,225.2892017,224.56700136,223.992667273,223.344856175,222.392812535,221.579516282,220.86056643,220.246500019,223.977026901,,158.324188889,0.777921741267,1.03120085426,0,41,30,33,683,210489,2.39534e+06,74521.1,3.59358,,,10.0858594133,10.4869256026,223.981203178,233.559195854
57,1504224841,840,1095,226,0.0230414746544,10959,113.572642233,9547.86,51.5492679721,1.0353975972,237.983039916,5.20126907874,9539.77853111,5.41502502785,233.46187597,-0.0207645969479,9536.6690174,233.381907805,378178,3,36,10.1040309868,10.5942692536,223.815677733,287.891381608,222.805047443,226.441111438,226.295067533,225.179860846,224.496708656,223.932440238,223.239538549,222.296404649,221.489047197,220.783515916,220.180910519,223.808975727,,158.324188889,0.777921741267,1.03120085426,0,41,30,33,683,215441,2.39534e+06,73970,3.54969,,,10.1054979733,10.5913793257,223.79156947,233.361791455
58,1504224856,855,1095,226,0.0230414746544,10959,113.572642233,9616.45525597,51.5363142217,1.08327220761,237.983039916,5.32021532338,9621.40190936,5.54502896271,233.107742954,-0.0280744285652,9607.55309285,233.384336589,378178,3,36,10.1097708331,10.6762695613,223.667510424,287.900313239,223.068780371,226.669391364,226.199769428,225.095489117,224.441954996,223.883990675,223.154618998,222.21915242,221.418008587,220.72375877,220.148442804,223.637651513,,158.324188889,0.777921741267,1.03120085426,0,41,30,33,683,219036,2.39534e+06,74062.9,3.51731,,,10.1111336132,10.6746095478,223.648310987,233.394501809
59,1504224871,870,1095,226,0.0230414746544,10959,113.647290844,9704.1184932,51.5286912428,1.11126237007,237.27498997,6.34052968112,9707.22777602,5.85303019221,232.592864965,-0.0400132660934,9691.88329934,232.903440142,378178,3,36,10.1205562876,10.7210731103,223.487757092,287.904868621,223.385945657,226.943047633,226.093564877,225.029193916,224.384593602,223.834030305,223.062179173,222.137441442,221.345266892,220.662172388,220.142060985,223.454833426,,158.324188889,0.777921741267,1.03120085426,0,41,30,33,683,221141,2.39534e+06,73954.4,3.56979,,,10.1225686366,10.7192975805,223.461499801,232.716220481
60,1504224886,885,1095,226,0.0230414746544,10959,113.7221239,9799.35800495,51.5105080771,1.17755271547,236.569298247,5.59184278929,9793.7122856,5.57001658351,231.992975882,-0.037325657621,9789.17372477,232.164701251,378178,3,36,10.1386669038,10.8639540528,223.280519197,287.916925588,223.740468159,227.224895565,225.965149582,224.945550046,224.310952962,223.768933581,222.946968731,222.032348012,221.250899996,220.583008602,220.127064336,223.270760633,,158.324188889,0.777921741267,1.03120085426,0,41,30,33,683,226134,2.39534e+06,73291.8,4.04156,,,10.1406420714,10.8634556567,223.258629131,232.08002402
61,1504224901,900,1095,226,0.0230414746544,10959,113.669542627,9875.52761655,51.4998990351,1.2162917266,235.912397533,4.8768,9873.41722292,5.09842979186,231.509570936,-0.027689083021,9865.91026055,231.575679793,378178,3,36,10.1550474867,10.954236111,223.115263905,287.923272757,224.020056408,227.113644431,225.867735876,224.883719561,224.256910335,223.721542685,222.860557413,221.954614874,221.182655533,220.525596028,220.118417963,223.099153577,,158.324188889,0.777921741267,1.03120085426,0,41,30,33,683,229052,2.39534e+06,73893.3,3.73287,,,10.157065383,10.9542860217,223.094627253,231.438048678
62,1504224916,915,1095,226,0.0230414746544,10959,113.657996999,9944.13097521,51.4849559348,1.27091729842,235.891507248,4.71251675658,9948.20727778,4.91736664631,231.130007876,-0.023693281732,9938.75174749,231.461351123,378178,3,36,10.1755827049,11.0938209777,222.956548504,287.932441063,224.279337758,227.005759595,225.772090765,224.821250955,224.201890495,223.672884955,222.77392894,221.875005225,221.112930851,220.467369418,220.10635887,222.936220142,,158.324188889,0.777921741267,1.03120085426,0,41,30,33,683,233167,2.39534e+06,73283,2.95968,,,10.1768352937,11.09425441,222.944980832,231.460624757
63,1504224931,930,1095,226,0.0230414746544,10959,113.708238238,10012.7555952,51.4727009719,1.31559175154,235.420389167,5.20837078816,10021.8300004,4.87548146084,230.832750181,-0.0135319652142,10004.1882443,231.057905174,378178,3,36,10.1959699445,11.2158904193,222.812650027,287.939462998,224.511237703,226.91030733,225.687739455,224.766757646,224.154042127,223.630712136,222.697721895,221.805280963,221.052820599,220.417164535,220.096606848,222.774712359,,158.324188889,0.777921741267,1.03120085426,0,41,30,33,683,236535,2.39534e+06,73730.1,3.66924,,,10.1981189456,11.2170943118,222.794216023,231.040477997
64,1504224946,945,1095,226,0.0230414746544,10959,113.720538862,10100.325225,51.4606504778,1.35977978525,234.880821213,4.11724868092,10090.4346609,4.08299638958,230.854389742,0.0221306347431,10091.0569051,230.534888962,378178,3,36,10.22454529,11.3482950384,222.62139238,287.946251642,224.818988885,226.787615079,225.580154941,224.698895365,224.094850018,223.578925357,222.601521208,221.718489072,220.979373612,220.355611819,220.087083381,222.622729245,,158.324188889,0.777921741267,1.03120085426,0,41,30,33,683,239864,2.39534e+06,73165.2,4.18796,,,10.2270238219,11.3501300507,222.601492037,230.540459163
65,1504224961,960,1095,226,0.0230414746544,10959,113.777024067,10142.22,51.4469263109,1.40953063965,235.544896111,2.60096,10142.6680532,2.9837470513,231.518058566,0.0620336997878,10138.7204111,231.03777913,378178,3,36,10.2464725519,11.4965106487,222.512368925,287.953619891,224.980915551,226.715832275,225.515640669,224.655823479,224.056724307,223.545024252,222.541439527,221.661902102,220.931575556,220.316181217,220.076438249,222.503856951,,158.324188889,0.777921741267,1.03120085426,0,41,30,33,683,243621,2.39534e+06,73138.2,4.16998,,,10.2474789719,11.4974310372,222.50482284,231.26740142
66,1504224976,975,1095,226,0.0230414746544,10959,114.063428363,10172.7152407,51.434261309,1.4554695134,237.194391091,1.95202054077,10185.2604638,2.89584356822,232.516087249,0.0626864338408,10171.0917953,232.519050963,378178,3,36,10.2647518908,11.6344118309,222.435683011,287.960103247,225.087768166,226.664817848,225.469122327,224.623825817,224.028221161,223.519505828,222.49709328,221.619113693,220.895693859,220.286879246,220.066727416,222.404999133,,158.324188889,0.777921741267,1.03120085426,0,41,30,33,683,247091,2.39534e+06,73064.3,4.23204,,,10.2652489359,11.6349351645,222.432164505,233.036410267
67,1504224991,990,1095,226,0.0230414746544,10959,114.063428363,10233.6753791,51.4206986728,1.50391006207,237.194391091,3.57697255432,10232.2865603,3.33608116666,233.257323195,0.037145445806,10229.0264129,233.065442367,378178,3,36,10.2933103299,11.7931573435,222.301938053,287.966527635,225.284586159,226.580567982,225.394010079,224.575016567,223.985337609,223.450002695,222.42776913,221.554663315,220.84275998,220.24314794,220.056552203,222.294856895,,158.324188889,0.777921741267,1.03120085426,0,41,30,33,683,250762,2.39534e+06,72547.1,4.62174,,,10.2948192687,11.7949386963,222.291841205,233.084676105
68,1504225006,1005,1095,226,0.0230414746544,10959,114.012858878,10287.,51.4091201793,1.54562133529,237.664219712,2.5993424891,10284.8196239,3.7343946863,233.638322252,0.0109794732099,10281.4643759,233.377859527,378178,3,36,10.3202255692,11.9356344549,222.180071619,287.971806408,225.461688353,226.505120334,225.326891713,224.531769899,223.947434979,223.382853952,222.36587091,221.497249648,220.79627337,220.204765747,220.04791854,222.17277247,,158.324188889,0.777921741267,1.03120085426,0,41,30,33,683,253918,2.39534e+06,72556.5,4.62821,,,10.3221067656,11.9380376468,222.168030827,233.582462356
69,1504225021,1020,1095,226,0.0230414746544,10959,113.962488975,10332.72,51.3949584961,1.59672917546,238.13423274,5.20192,10348.0843209,4.79061077414,233.452831753,-0.0383412999679,10328.3783569,233.992934552,378178,3,36,10.3499840501,12.1094320024,222.067125467,287.9782219,225.616309922,226.435187982,225.263820245,224.490095668,223.91071947,223.319813488,222.306396513,221.440821086,220.751131599,220.167906912,220.037462178,222.024126717,,158.324188889,0.777921741267,1.03120085426,0,41,30,33,683,257785,2.39534e+06,72779.7,4.32227,,,10.3515428977,12.1115891486,222.057642815,234.092544412
70,1504225036,1035,1095,226,0.0230414746544,10959,114.114916451,10424.2673235,51.3822652526,1.64695739746,236.71813594,5.52704,10426.3101066,5.42387584733,232.620891842,-0.0633311740436,10417.6819977,232.875581067,378178,3,36,10.2868084017,12.1731171797,222.198540903,287.985431624,225.916989877,226.312606381,225.155972064,224.423028397,223.852506281,223.211372724,222.208233621,221.351436686,220.681000255,220.109758874,220.027613033,222.232765135,,158.324188889,0.777921741267,1.03120085426,0,41,30,33,683,261522,2.39534e+06,72247.2,4.06974,,,10.2760513163,12.1606071473,222.224665585,232.810480449
71,1504225051,1050,1095,226,0.0230414746544,10959,114.102234501,10508.0406559,51.3698358051,1.68655395508,235.575473599,4.55037365816,10504.0785503,4.75943126249,231.812361005,-0.0379846741494,10499.7304988,231.842770544,378178,3,36,10.1662118358,12.1404129994,222.512997148,287.988282257,226.190655791,226.20221618,225.058969544,224.363189923,223.800517574,223.113149511,222.119841528,221.275734499,220.619123991,220.058302597,220.019362858,222.530080083,,158.324188889,0.777921741267,1.03120085426,0,41,30,33,683,264597,2.39534e+06,72238.1,4.07089,,,10.152892922,12.1248939765,222.545638551,231.759024179
72,1504225066,1065,1095,226,0.0230414746544,10959,114.152975153,10572.770861,51.3583839546,1.74674987793,235.105135982,2.92608,10565.8748411,3.44844667097,231.591563727,0.0106891079581,10563.8340728,231.426050655,378178,3,36,10.0846122133,12.2014003757,222.752013046,288.000289042,226.397091182,226.111130363,224.977758763,224.31174466,223.755901847,223.031795383,222.043746889,221.209985393,220.565252263,220.014575525,220.008707214,222.759969622,,158.324188889,0.777921741267,1.03120085426,0,41,30,33,683,268879,2.39534e+06,71790.2,2.86975,,,10.070557211,12.1850285046,222.786840784,231.404311131
73,1504225081,1080,1095,226,0.0230414746544,10959,113.937108786,10609.5926874,51.3444429622,1.77731549879,235.835965411,2.51929440092,10608.8544206,2.38254596289,232.089397225,0.0510432791337,10603.9323452,231.926509179,378178,3,36,10.0328289106,12.2269456634,222.899493666,287.99743892,226.525940259,226.055047123,224.927305899,224.279424064,223.727367574,222.98008499,221.995855344,221.169481623,220.531779771,220.001494934,220.001494934,222.918596309,,158.324188889,0.777921741267,1.03120085426,0,41,30,33,683,271483,2.39534e+06,72235.9,2.7257,,,10.0240368418,12.2166766788,222.92146051,232.131152806
74,1504225096,1095,1095,226,0.0230414746544,10959,114.005373363,10639.4402249,51.3320490576,1.82176454358,236.897149369,2.0605446072,10640.4700588,1.92418126941,232.977889869,0.062797769431,10634.6846338,233.024601051,378178,3,36,10.0014113136,12.308068613,223.00876688,288.00157027,226.620621891,226.008077961,224.893302986,224.250992332,223.702384668,222.936663614,221.953640918,221.132375183,220.501838582,219.992908528,219.992908528,223.031141842,,158.324188889,0.777921741267,1.03120085426,0,41,30,33,683,274855,2.39534e+06,71869.7,2.24629,,,9.99411718416,12.2995426602,223.027160186,233.27357144
75,1504224001,0,1320,573,0.,745,55.9960625481,685.8,43.3596370261,77.0499409286,94.1845558172,3.22992159556,677.851351676,11.0321065099,93.5863935255,0.161975200243,685.8,92.9002404122,378179,6,27,0.790769862389,1.04184418522,296.430232706,300.038075233,290.28972646,282.679755631,275.519502446,268.621445211,261.481677973,253.881336625,245.437063713,236.726281103,229.479208388,225.046396877,223.620786333,296.473801274,137.366638184,156.038474804,0.779128801091,0.546421647374,7,43,20,21,76,1135.45,3.12167e+06,,,84933.6,12.1034,0.790769862389,1.04184418522,296.430232706,92.9473125425
76,1504224016,15,1320,573,0.,745,56.0931705648,835.867688944,43.3675107588,77.065999828,97.753719383,12.2586309216,843.298144241,10.9414880339,96.0871909761,0.187038385198,816.783290634,96.1012486574,378179,6,27,0.913452771351,0.876639705422,295.784823636,300.04461203,289.310346907,281.734734376,274.594338696,267.730281611,260.506108834,252.81814337,244.298465317,235.602295772,228.6803842,224.836102719,223.41155199,295.671077121,137.366638184,156.038474804,0.779128801091,0.546421647374,7,43,20,21,76,2682.23,3.12167e+06,,,85151.3,11.2645,0.913931891644,0.825373568524,295.702923402,96.5349346793
77,1504224031,30,1320,573,0.,745,55.1226354106,1013.95635615,43.375016126,77.080969411,99.0793515594,7.45658213771,997.725080216,9.31793847453,99.9711452323,0.353862104076,999.332267952,97.4029353269,378179,6,27,0.915966235608,0.369325198751,294.992634359,300.051251902,287.934062598,280.431868405,273.333903,266.411319019,259.16854334,251.363417757,242.741641793,234.068440376,227.591718318,224.556645116,222.986099662,295.003092869,137.366638184,156.038474804,0.779128801091,0.546421647374,7,43,20,21,76,4148.23,3.12167e+06,,,85374.1,10.2985,0.907701385171,0.341885401701,294.897546336,98.1394858905
78,1504224046,45,1320,573,0.,745,26.918643243,1113.70574139,43.3857487164,77.093163871,107.686018684,7.20323163263,1122.6525741,7.60316501585,106.445434188,0.473969631257,1102.33322179,105.574666834,378179,6,27,0.873480890918,0.150247346488,294.350310032,300.06265218,287.139555053,279.669118319,272.630119311,265.656760764,258.422424713,250.552399188,241.871156553,233.212238032,226.977387293,224.396536541,222.749939816,294.219707721,137.366638184,156.038474804,0.779128801091,0.546421647374,7,43,20,21,76,5669.12,3.12167e+06,,,85550.6,9.48412,0.867373192958,0.128959557607,294.277181146,107.180735419
79,1504224061,60,1320,573,0.,745,355.034844572,1236.540126,43.4004393016,77.0954828208,114.135276344,8.27390924827,1230.09943651,6.69859556543,113.308675527,0.425888619337,1220.70486654,113.002394542,378179,6,27,0.836154385677,-0.0948274539986,293.643405192,300.08141399,286.238148681,278.793995456,271.83306811,264.799901289,257.571963879,249.576058104,240.790423166,232.333827643,226.277990181,224.217156593,222.484249184,293.583768547,137.366638184,156.038474804,0.779128801091,0.546421647374,7,43,20,21,76,6976.2,3.12167e+06,,,85623.2,9.23452,0.827544015244,-0.125111619525,293.542915062,114.334437211
80,1504224076,75,1320,573,0.,745,322.603902632,1318.83873314,43.414444333,77.0870662642,118.26239176,5.50234738593,1323.46098702,5.85911723267,119.348535827,0.395659211593,1312.74281857,117.990500021,378179,6,27,0.807464609122,-0.294232335365,293.122332226,300.10187493,285.544313124,278.120779541,271.184234011,264.138901106,256.915513845,248.724682934,239.948967051,231.734941682,225.737705728,224.080629819,222.282085424,293.05498481,137.366638184,156.038474804,0.779128801091,0.546421647374,7,43,20,21,76,7890.36,3.12167e+06,,,85506.1,9.37931,0.803888947423,-0.306366367742,293.084019899,118.994866289
81,1504224091,90,1320,573,0.,745,297.77857602,1408.03373412,43.423812178,77.0681636888,124.304089566,6.5024,1409.84626023,5.69948023542,125.544641906,0.438736381926,1397.00959686,124.214341384,378179,6,27,0.762645328764,-0.482618306964,292.651527982,300.118975991,284.904222774,277.514981226,270.600843654,263.537505946,256.241541954,247.953833596,239.190520354,231.195643776,225.393127143,223.962387342,222.101644777,292.571583147,137.366638184,156.038474804,0.779128801091,0.546421647374,7,43,20,21,76,8284.27,3.12167e+06,,,85201.6,9.22178,0.755377161039,-0.505575077414,292.582865123,125.208075976
82,1504224106,105,1320,573,0.,745,293.023908113,1495.90476265,43.4309751713,77.046767127,131.53300173,5.20192,1492.18936843,5.2186246868,132.677471746,0.51079995078,1488.72821973,131.067073407,378179,6,27,0.718460115175,-0.611824454613,292.077746153,300.133762982,284.206277837,276.864989763,269.96935015,262.887437386,255.467123762,247.124627954,238.376717998,230.61665062,225.247814292,223.838576665,221.909260304,292.05013132,137.366638184,156.038474804,0.779128801091,0.546421647374,7,43,20,21,76,8788.2,3.12167e+06,,,84871.3,9.17898,0.718709006891,-0.607209698937,292.020498551,132.43223981
83,1504224121,120,1320,573,0.,745,291.146804493,1572.44267114,43.437774861,77.023129983,139.74893211,5.0857526979,1567.85448144,5.01614277045,140.583291596,0.527870016685,1565.13379557,139.032410083,378179,6,27,0.706385154701,-0.58677872492,291.517609435,300.14833552,283.634806739,276.33242806,269.447655281,262.347054387,254.827256529,246.439568177,237.705754692,230.138836033,225.1285792,223.737448328,221.751964883,291.49590701,137.366638184,156.038474804,0.779128801091,0.546421647374,7,43,20,21,76,9632.61,3.12167e+06,,,84539.1,9.2853,0.70618750115,-0.582006570514,291.45932115,140.61782337
84,1504224136,135,1320,573,0.,745,291.087266861,1646.74127474,43.4447610186,76.998180684,147.274434889,5.56208105546,1650.39142392,6.335082989,147.910478178,0.427094328184,1637.16612332,146.655986623,378179,6,27,0.682199553706,-0.567497178908,290.987804626,300.163493393,283.098781712,275.837083753,268.957213323,261.799352176,254.228757201,245.798407337,237.078765271,229.691589269,225.0176202,223.644509403,221.606671362,290.882376774,137.366638184,156.038474804,0.779128801091,0.546421647374,7,43,20,21,76,10859.1,3.12167e+06,84291.3,19.0052,84201.7,9.27338,0.681388541584,-0.561240982301,290.911460704,148.112383664
85,1504224151,150,1320,573,0.,745,291.550428328,1760.5872286,43.4522025926,76.9721073539,152.658169005,10.0943884202,1766.29824829,9.2034168436,152.893001966,0.232384260277,1744.20334501,152.723286227,378179,6,27,0.639981540893,-0.568433496932,290.157032181,300.185010151,282.310255988,275.0919563,268.223845169,260.995862938,253.351563735,244.855727085,236.15601254,229.032133923,224.859273952,223.519043702,221.400186645,289.983243589,137.366638184,156.038474804,0.779128801091,0.546421647374,7,43,20,21,76,12429.9,3.12167e+06,85171.7,18.9074,83860.2,9.12034,0.639480702693,-0.559945453893,290.028127128,153.458892067
86,1504224166,165,1320,573,0.,745,292.1399255,1923.71240499,43.4599105485,76.9457025511,153.844728034,11.3792,1922.19260634,11.2960780184,155.163348761,0.0876074786807,1907.79570482,154.413564843,378179,6,27,0.609163997109,-0.579051580185,288.901144267,300.207990339,281.102457932,273.97610034,267.085719657,259.78461263,252.032805168,243.440656534,234.772657132,228.043690683,224.62604462,223.194603147,221.086574973,288.789938403,137.366638184,156.038474804,0.779128801091,0.546421647374,7,43,20,21,76,14228.2,3.12167e+06,87322.3,14.7786,83516.2,8.9655,0.609538979559,-0.572973217859,288.778208407,154.625552706
87,1504224181,180,1320,573,0.,745,292.473366215,2099.25996269,43.4678613831,76.9191589049,154.769004683,11.5830028798,2097.91175774,11.9869101065,155.95865106,0.0304186976,2081.90604469,155.387501249,378179,6,27,0.646087874584,-0.720973486852,287.519751235,300.232378092,279.815217368,272.814189,265.795623,258.517538851,250.655004749,241.963562947,233.33104347,227.01325684,224.387021748,222.812287729,220.761048526,287.389916346,137.366638184,156.038474804,0.779128801091,0.546421647374,7,43,20,21,76,16182,3.12167e+06,88870.5,11.3778,83156.3,8.83023,0.653954656948,-0.728056186664,287.378989557,155.652172809
88,1504224196,195,1320,573,0.,745,292.824439675,2278.39607478,43.4758764339,76.8927977358,155.165213983,12.2316657738,2278.07181253,11.8858825918,156.384071288,0.0334586889976,2258.32918449,156.028287733,378179,6,27,0.711240611031,-0.919510996791,286.121862151,300.257819615,278.513112847,271.62566179,264.512105645,257.256664921,249.172631035,240.380706265,232.048316287,225.991247336,224.154938647,222.43511722,220.440126483,285.964525779,137.366638184,156.038474804,0.779128801091,0.546421647374,7,43,20,21,76,18217.1,3.12167e+06,90498.9,3.51928,82776.6,8.67242,0.72091014065,-0.928994774588,285.961944235,156.191104797
89,1504224211,210,1320,573,0.,745,292.95760491,2454.58335057,43.4840316914,76.8663286622,155.632757138,10.40384,2450.70216655,11.1135595089,157.109186646,0.0649432483453,2437.8564823,156.547984711,378179,6,27,0.789066625462,-1.14597112431,284.723540354,300.28456897,277.207916337,270.349769738,263.230052428,255.857540081,247.532382682,238.775015114,230.899024499,225.283655526,223.928868808,222.06180536,220.122717198,284.622941545,137.366638184,156.038474804,0.779128801091,0.546421647374,7,43,20,21,76,20327.6,3.12167e+06,90016,3.08616,82418.3,8.47725,0.797615223859,-1.1549039355,284.592572529,156.819470979
90,1504224226,225,1320,573,0.,745,292.892737479,2609.10727095,43.4922388966,76.8396148821,157.372231302,10.6680201058,2614.69272525,10.9125268722,158.200739456,0.0735449530389,2593.94125976,158.150858683,378179,6,27,0.878174082445,-1.31131958153,283.519808638,300.312593946,276.088821887,269.260527113,262.121853068,254.553075353,246.131906382,237.406224455,229.91883097,225.055495639,223.741124515,221.746956732,219.855415591,283.358215033,137.366638184,156.038474804,0.779128801091,0.546421647374,7,43,20,21,76,22497.8,3.12167e+06,89781.2,2.64707,82041.6,8.13608,0.887847405068,-1.31169094662,283.401675853,158.702750782
91,1504224241,240,1320,573,0.,745,292.745264437,2775.75484202,43.5005276911,76.8126129389,158.337848611,11.05408,2781.04773152,11.2785821697,159.176904459,0.0563805249237,2760.39121727,159.4262378,378179,6,27,0.973325974804,-1.45438612335,282.240680354,300.341984075,274.945447043,268.118973581,260.865009652,253.186181376,244.665817867,235.9755841,228.893991317,224.820989065,223.548649785,221.419366288,219.272251025,282.081675182,137.366638184,156.038474804,0.779128801091,0.546421647374,7,43,20,21,76,24722.5,3.12167e+06,89702.5,2.79672,81671.1,7.76316,0.982844842498,-1.45418292472,282.122385577,159.80938816
92,1504224256,255,1320,573,0.,745,292.781933641,2943.75039512,43.5088308882,76.7854513272,159.02284646,11.1524282447,2951.03373201,11.2287295297,160.052187999,0.0711327463279,2927.30759906,160.436299684,378179,6,27,1.06449509657,-1.58642830071,280.96549582,300.372583126,273.823976836,266.944619349,259.626093592,251.839929646,243.22323112,234.570105986,227.886802669,224.594227427,223.199338524,221.099694766,218.673189639,280.78502256,137.366638184,156.038474804,0.779128801091,0.546421647374,7,43,20,21,76,26982,3.12167e+06,89554.5,2.96625,81326.3,7.4837,1.07440651745,-1.58557846658,280.840376568,160.630813614
93,1504224271,270,1320,573,0.,745,292.591409137,3117.01879102,43.5170940569,76.758281012,159.358941807,11.0861994817,3109.10910989,9.42751148702,161.814908078,0.185263599833,3097.74625503,160.961212586,378179,6,27,1.23892831005,-1.69287485013,279.675856206,300.404215166,272.704578807,265.680820773,258.383104601,250.490376226,241.778593751,233.164767738,226.879418933,224.371158766,222.824957746,220.782064766,218.076637623,279.590983958,137.366638184,156.038474804,0.779128801091,0.546421647374,7,43,20,21,76,29257.9,3.12167e+06,89107.7,2.02362,81011,7.38018,1.26923940982,-1.68825644962,279.531963151,161.182904144
94,1504224286,285,1320,573,0.,745,292.531956712,3231.95022532,43.5254436879,76.7306098308,163.785030752,4.22656,3223.95593357,5.87228047937,166.132544262,0.390402001088,3225.12469544,164.528610594,378179,6,27,1.42563781564,-1.76633042825,278.724002877,300.437392075,271.869849364,264.750463986,257.467491702,249.434864138,240.629121433,232.226149302,226.138391122,224.210733304,222.553782666,220.552768431,217.642602545,278.732634339,137.366638184,156.038474804,0.779128801091,0.546421647374,7,43,20,21,76,31586.3,3.12167e+06,88886.1,2.71646,80690.9,7.3741,1.43622232841,-1.76375063616,278.673616284,165.790996934
95,1504224301,300,1320,573,0.,745,292.496103562,3293.65466841,43.5341515245,76.7018747196,171.074774208,3.90144,3294.94257512,4.08464119318,172.937985892,0.487751662145,3288.31200905,171.711404519,378179,6,27,1.51045866696,-1.84164264598,278.251699514,300.473011537,271.417628182,264.29284513,257.015402452,248.845853641,240.053517266,231.812955243,225.771369065,224.134188788,222.425163117,220.445516637,217.43419945,278.203014804,137.366638184,156.038474804,0.779128801091,0.546421647374,7,43,20,21,76,34019.7,3.12167e+06,88523.3,2.61055,80338.7,7.2796,1.51867438145,-1.83885470322,278.212468597,173.185077318
96,1504224316,315,1320,573,0.,745,292.416147479,3355.77475559,43.5431426436,76.6720086231,178.077894848,4.67860290508,3361.9076678,5.32933919478,179.878820174,0.411305790063,3349.62196451,179.000216098,378179,6,27,1.59086942681,-1.90390650334,277.794567459,300.51110838,270.981889898,263.851110327,256.570148687,248.277754864,239.499032958,231.414637697,225.41757003,224.061731605,222.302092259,220.343271627,217.234213939,277.704859061,137.366638184,156.038474804,0.779128801091,0.546421647374,7,43,20,21,76,36556.1,3.12167e+06,88077.8,2.91354,79997.6,7.13141,1.60024825996,-1.89978527455,277.749626375,180.285315414
97,1504224331,330,1320,573,0.,745,292.45892217,3454.36887283,43.5525643148,76.6407207413,183.142786532,8.99233048163,3465.37193504,8.58354425957,184.686922494,0.221821744089,3442.24641392,184.650755968,378179,6,27,1.71696853364,-1.92671698296,277.111435794,300.552298511,270.328193584,263.188837845,255.781105488,247.430478977,238.673324567,230.821212955,225.226893603,223.953848305,222.115144207,220.186815252,216.931917333,276.944111043,137.366638184,156.038474804,0.779128801091,0.546421647374,7,43,20,21,76,39223.1,3.12167e+06,87361.1,3.91001,79702.3,7.01571,1.73521212573,-1.91676902863,277.02367348,185.481947535
98,1504224346,345,1320,573,0.,745,292.545855371,3622.70240122,43.5620700915,76.60926706,183.814951811,12.1496063219,3613.81310856,10.7601672603,186.801880352,0.0819905862045,3602.7209342,186.329994418,378179,6,27,1.94263213034,-1.87253954365,275.952321761,300.595171528,269.209318659,262.038272226,254.435949715,245.989403869,237.270824227,229.813106132,225.005983291,223.770821717,221.792721993,219.914916846,216.412419277,275.877648197,137.366638184,156.038474804,0.779128801091,0.546421647374,7,43,20,21,76,41914.5,3.12167e+06,86771.8,4.58094,79422.3,6.9519,1.97399585538,-1.88013318045,275.8178671,186.36154123
99,1504224361,360,1320,573,0.,745,292.632154905,3780.73519756,43.5716082753,76.5778035819,184.487537167,10.9123043486,3776.21366236,10.6833992083,187.773859439,0.0615387525655,3762.6099795,187.137250543,378179,6,27,2.18104019587,-1.97668204548,274.877029415,300.639526123,268.113043161,260.825475724,253.118401602,244.579597698,235.900684137,228.827794128,224.793144231,223.595251939,221.480286042,219.33667932,215.907211103,274.787280874,137.366638184,156.038474804,0.779128801091,0.546421647374,7,43,20,21,76,44615.1,3.12167e+06,86450.7,3.90224,79102,6.84733,2.20946659677,-1.98148489945,274.757478987,187.29192132
100,1504224376,375,1320,573,0.,745,292.595499319,3932.4419182,43.5811800987,76.5462958506,186.110026983,9.1110698932,3931.58694817,10.0419794988,188.90064446,0.0909193249197,3915.05198458,188.525736145,378179,6,27,2.41086532277,-2.04470651443,273.874748875,300.685390357,267.042928732,259.687772252,251.882738504,243.259002458,234.619016388,227.905592419,224.596539447,223.277556894,221.190875712,218.787709144,215.437109414,273.767780034,137.366638184,156.038474804,0.779128801091,0.546421647374,7,43,20,21,76,47325.9,3.12167e+06,86174.8,3.83433,78742.8,6.56484,2.43809633501,-2.04737817174,273.762254081,189.150028446